Last Name,First Name,Email
khandagale,Avantika,avantikakhandagale.003@gmail.com
Choudhar,Tejas,tejaschoudhar2211@gmail.com
Dhumal,Sakshi,sakshidhumal0022@gmail.com
MULANI,SADIYA,sadiyamulani4@gmail.com
Chavan,Tushar,tusharchavancr7@gmail.com
Sonar,Mayur,Mayursonar791@gmail.com